DOCID,TOPICID,DOC TITLE,TOPIC NAME,,,,ID,TOPIC
122,5,"Act 173 Advisory Group Meeting: December 5, 2022.  Memo from Secretary French: Review of Flexibility in Technical Guidance",Research,,,,1,Funding
69,12,"Act 173 Advisory Group December Meeting.  December 6, 2021",Funding,,,,2,Census Based
281,6,"State Board of Education Articles of Agreement: Franklin Northwest UUSD November 30, 2018 ",Advisory,,,,3,Legistlative
127,4,"Act 173 Advisory Group Meeting: May 1, 2023.  Equalized Pupil Comparison for FY2024 with Act 127 Weights",K-12,,,,4,K-12
325,13,"State Board of Education Southwest Vermont Union Elementary School District November 30, 2018 (Act 46)",Regulation,,,,5,Research
192,5,"Census-Based Funding Advisory Group Draft Minutes from April 1, 2019 (Act 173 Advisory Group)",Research,,,,6,Advisory
211,12,Consensus Based Funding Models:  Baker and Ramsey (2010),Funding,,,,7,Elementary
153,9,"Act 173 Advisory Group. AOE Act 173 Update. October 4, 2021",Census Based,,,,8,High School
249,14,Member of Census-Based Funding Advisory Group:: The Executive Director of the Vermont Principals’ Association or designee;,Funding,,,,9,Census Based
290,4,"State Board of Education Legislative Report: Annual Report to the Governor and the General Assembly June 17, 2021",K-12,,,,10,Census Based
359,1,Vermont Supreme Court ruling could offer ‘road map’ to statewide school choice,Funding,,,,11,Public Input
8,10,A Study of the Use of Paraprofessionals to Deliver Special Education Services in Vermont Schools,Census Based,,,,12,Funding
160,9,"State Board of Education Articles of Agreement: Oxbow UUSD November 30, 2018 (Act 46)",Census Based,,,,13,Regulation
301,13,"State Board of Education Memo Rule 2200 Final Annotated Filing April 4, 2022",Regulation,,,,14,Funding
81,11,"Act 173 Advisory Group Draft Meeting Minutes: June 6, 2022",Public Input,,,,,
328,10,"State Board of Education Transition Timeline FAQs January 15, 2019",Census Based,,,,,
344,14,,Funding,,,,,
19,7,Public Assets Institute:  School finance in Vermont: Balancing equal education and fair tax burdens,Elementary,,,,,
103,13,"Act 173 Advisory Group Draft October 5, 2020 2200 Stakeholder Draft for Act 173 AG Meeting",Regulation,,,,,
357,7,VT Dept of Education (Technical Advice for the Two-Vote Provisions16 V.S.A. § 563(11)(B)),Elementary,,,,,
40,9,"Act 173 Advisory Group Agenda - January 6, 2020",Census Based,,,,,
221,10,,Census Based,,,,,
357,12,VT Dept of Education (Technical Advice for the Two-Vote Provisions16 V.S.A. § 563(11)(B)),Funding,,,,,
42,8,"Act 173 Advisory Group Agenda - July 24, 2019",High School,,,,,
351,14,Vermont Secretary of State: Preserved documents,Funding,,,,,
67,8,"Act 173 Advisory Group December 7, 2020  Clean Copy Draft Rules Series 2200",High School,,,,,
317,3,"State Board of Education News State Board of Education - Rule 2200 Public Comments April 4, 2022",Legistlative,,,,,
227,13,"FY-2023 Act 173 Special Education Plan September 22, 2021",Regulation,,,,,
290,6,"State Board of Education Legislative Report: Annual Report to the Governor and the General Assembly June 17, 2021",Advisory,,,,,
297,3,"State Board of Education Memo  School Districts that Submitted Section 9 Proposals; Regional Meetings July 3, 2018",Legistlative,,,,,
181,11,"CBFAG - Rulemaking Sub-Committee October 12,2018 (Act 173 Advisory Group)",Public Input,,,,,
286,14,"State Board of Education Decision Points: Sec. 9 Proposals and Secretary's Proposed Statewide Plan September 19, 2018",Funding,,,,,
25,14,Act 173 Advisory Group Act 173 Draft Meeting Minutes - 03-03-22,Funding,,,,,
199,7,"Census-Based Funding Advisory Group IDEA Fiscal - Part II PowerPoint February 4, 2019 (Act 173 Advisory Group)",Elementary,,,,,
274,1,"State Board of Education Act 46: Modified Unified Union School Districts and their Non-Member Elementary Districts June 26, 2018",Funding,,,,,
290,2,"State Board of Education Legislative Report: Annual Report to the Governor and the General Assembly June 17, 2021",Census Based,,,,,
42,13,"Act 173 Advisory Group Agenda - July 24, 2019",Regulation,,,,,
306,10,"State Board of Education Memo Statement on Equity and Racism by the Vermont State Board of Education  June 17, 2020",Census Based,,,,,
56,5,"Act 173 Advisory Group Approved Meeting Minutes - July 13, 2020",Research,,,,,
61,1,"Act 173 Advisory Group Approved Minutes October 4, 2021",Funding,,,,,
343,5,,Research,,,,,
291,1,"State Board of Education List of Topics Provided to Superintendents to Prepare for Section 10 Conversations May 31, 2018",Funding,,,,,
4,13,Preliminary Education Fund Outlook (September 2012),Regulation,,,,,
31,7,"Act 173 Advisory Group Act 173 Summary of Technical Guidance September 16, 2019",Elementary,,,,,
139,1,Act 173 Advisory Group Special Meeting Agenda - 03-03-22,Funding,,,,,
178,12,Biennial Report - Vermont State Board of Education,Funding,,,,,
159,2," Act 173 Section B Forms FY 2023 September 3,2020",Census Based,,,,,
358,7,Lawmaker’s education tax overhaul aims to slow spending,Elementary,,,,,
41,8,"Act 173 Advisory Group Agenda - July 13, 2020",High School,,,,,
21,10,The Evidence-Based (EB) model,Census Based,,,,,
349,9,,Census Based,,,,,
170,14,AnLar...Supports VT Special Education Advisory Council (https://anlar.com/portfolio/vermont-special-education-advisory-council/),Funding,,,,,
345,4,Three lawsuits that will change Vermont education,K-12,,,,,
31,3,"Act 173 Advisory Group Act 173 Summary of Technical Guidance September 16, 2019",Legistlative,,,,,
120,13,"Act 173 Advisory Group Meeting Minutes: April 4, 2022",Regulation,,,,,
260,1,"Report to the House and Senate Committees on Education, the House Committee on Ways and Means, and the Senate Committee on Finance",Funding,,,,,
233,9,History of IDEA,Census Based,,,,,
36,3,"Act 173 Advisory Group Agenda - February 1, 2021",Legistlative,,,,,
296,14,"State Board of Education Memo Memorandum - State Board of Education Determining Eligibility for Small Schools Grants June 29, 2018",Funding,,,,,
316,11,"State Board of Education News  SBE Rule 2200 - Final Filing Clean Copy  April 4, 2022",Public Input,,,,,
60,10,"Act 173 Advisory Group Approved Minutes October 4, 2021",Census Based,,,,,
142,3,"Act 173 Advisory Group Summary of the AOE Revisions to 2360 February 3, 2020",Legistlative,,,,,
322,11,"State Board of Education News. State Board of Education-Statement of Preparedness for Ripton School District August 12, 2022",Public Input,,,,,
11,9,Public Assets Institute BLOG:  American Rescue Plan brings $200 million to Vermont towns and villages (10/15/2021),Census Based,,,,,
112,12,"Act 173 Advisory Group Meeting - January 3, 2022",Funding,,,,,
2,6,Preliminary Education Fund Outlook,Advisory,,,,,
224,13,Education:  ATtendence and Discipline,Regulation,,,,,
57,9,"Act 173 Advisory Group Approved Meeting Minutes - May 4th, 2020",Census Based,,,,,
264,1,South Burlington:  School Board,Funding,,,,,
116,9,"Act 173 Advisory Group Meeting Agenda: December 5, 2022",Census Based,,,,,
224,6,Education:  ATtendence and Discipline,Advisory,,,,,
298,6,"State Board of Education Memo State Board of Education Memo to the House and Senate Education Committees on Civics and Ethnic Studies March 21, 2018",Advisory,,,,,
139,6,Act 173 Advisory Group Special Meeting Agenda - 03-03-22,Advisory,,,,,
261,12,Response to Questions Posed by the Task Force on Pupil Weighting,Funding,,,,,
242,9,"Mainstream Block Grant and Match Spent on Support and Remedial Services Sept 6,2018",Census Based,,,,,
189,11,"Census-Based Funding Advisory Group Approved Minutes from March 4, 2019 (Act 173 Advisory Group)",Public Input,,,,,
128,7,"Act 173 Advisory Group Meeting: May 2, 2022Questions and Answers on draft MOE Documentation Technical Guide",Elementary,,,,,
218,11,Pupil Weighting Factors Report,Public Input,,,,,
103,11,"Act 173 Advisory Group Draft October 5, 2020 2200 Stakeholder Draft for Act 173 AG Meeting",Public Input,,,,,
99,1,"Act 173 Advisory Group Draft Minutes from November 4, 2019",Funding,,,,,
253,5,Opinion Piece in VT Digger Allen Gilbert (Feb 5 2017),Research,,,,,
170,1,AnLar...Supports VT Special Education Advisory Council (https://anlar.com/portfolio/vermont-special-education-advisory-council/),Funding,,,,,
277,6,"State Board of Education Appendix F: Snapshots of Each Section 9 Proposal and Sec. 10 Conversation  June 1, 2018",Advisory,,,,,
149,7,"Act 173 Advisory Group-Implementation Adjustment Worksheet. January 3, 2022",Elementary,,,,,
320,2,"State Board of Education News State Board of Education-Ripton Status Report Committee - Final Draft Statement of Preparedness for Ripton School District  August 11, 2022",Census Based,,,,,
333,12,SWIFT proposals/experiment (2-1-2016),Funding,,,,,
71,14,"Act 173 Advisory Group Draft - Special Education Allowable Costs Manual October 7, 2019",Funding,,,,,
252,1,"Opinion Piece in Mountain Times Walter J Mathis (JULY 20, 2017)",Funding,,,,,
251,11,One member selected by the Vermont Association of School Business Officials;,Public Input,,,,,
11,11,Public Assets Institute BLOG:  American Rescue Plan brings $200 million to Vermont towns and villages (10/15/2021),Public Input,,,,,
302,5,"State Board of Education Memo SBE Memo to Legislative Committee on Administrative Rules (LCAR) - Response to Public Comment - March 15, 2022",Research,,,,,
127,12,"Act 173 Advisory Group Meeting: May 1, 2023.  Equalized Pupil Comparison for FY2024 with Act 127 Weights",Funding,,,,,
120,4,"Act 173 Advisory Group Meeting Minutes: April 4, 2022",K-12,,,,,
65,10,"Act 173 Advisory Group Approved Special Meeting Minutes - December 11, 2019",Census Based,,,,,
73,8,Act 173 Advisory Group Draft Meeting Minutes-10-4-2021,High School,,,,,
96,3,"Act 173 Advisory Group Draft Minutes from June 7, 2021",Legistlative,,,,,
209,12,City of Winooski:  Supporting Adjusted Student Weights in Vermont’s Education Funding,Funding,,,,,
86,10,"Act 173 Advisory Group Draft Meeting Minutes: September 12, 2022",Census Based,,,,,
325,1,"State Board of Education Southwest Vermont Union Elementary School District November 30, 2018 (Act 46)",Funding,,,,,
119,4,"Act 173 Advisory Group Meeting Agenda: September 12, 2022",K-12,,,,,
166,4,"Act 173 Section D Forms FY 2022 September 3,2020",K-12,,,,,
328,2,"State Board of Education Transition Timeline FAQs January 15, 2019",Census Based,,,,,
313,3,"State Board of Education News Letter to General Assembly from Secretary French and Dr. Kolbe regarding Background and Remaining Points of Disagreement in SBE/AOE Legislative Report. August 4, 2022",Legistlative,,,,,
289,9,"State Board of Education Guidance: Failure of a New Union School District to Adopt a Budget June 12, 2019",Census Based,,,,,
309,12,"State Board of Education Memo. Adopted Rule 2200, Independent School Program Approval, Selected Rules Effective May 10, 2022. April 28, 2022",Funding,,,,,
110,5,"Act 173 Advisory Group February 1, 2021 Act 173 Weighting Study Presentation by Tammy Kolbe",Research,,,,,
140,7,"Act 173 Advisory Group Special Meeting Agenda - December 11, 2019",Elementary,,,,,
238,8,"Legislative Report: Expanding and Strengthening Best-Practice Supports for Students Who Struggle: Preliminary Highlights for Discussion (DMG Report) January 10, 2018",High School,,,,,
324,3,"State Board of Education Secretary's Proposed Plan under Act 46, Section 10: Errata June 7, 2018",Legistlative,,,,,
333,4,SWIFT proposals/experiment (2-1-2016),K-12,,,,,
198,11,"Census-Based Funding Advisory Group Draft Minutes from September 14, 2018 (Act 173 Advisory Group)",Public Input,,,,,
73,5,Act 173 Advisory Group Draft Meeting Minutes-10-4-2021,Research,,,,,
285,9,"State Board of Education Articles of Agreement: Windham Southeast UUSD November 30, 2018 (Act 46)",Census Based,,,,,
273,7,"State Board of Education Act 46 State Board of Education Final Order Map November 30, 2018",Elementary,,,,,
100,2,"Act 173 Advisory Group Draft Minutes from October 5, 2020",Census Based,,,,,
150,10,"Act 173 Advisory Group-Suggested Edits to Rule Series 2200-01-032-22. January 3, 2022",Census Based,,,,,
326,12,"State Board of Education Technical Center Regions and Supervisory Unions Map May 31, 2018",Funding,,,,,
294,1,"State Board of Education Memo  Act 46 Schedule Memo April 4, 2018",Funding,,,,,
162,3,One member selected by the Vermont Legal Aid Disability Law Project;,Legistlative,,,,,
104,6,"Act 173 Advisory Group Draft October 5, 2020 VTmtss Framework Tools",Advisory,,,,,
215,6,EdPolicy: VT Tuitioning Program,Advisory,,,,,
34,2,"Act 173 Advisory Group Agenda - August 3, 2020",Census Based,,,,,
201,11,"Census-Based Funding Advisory Group Recommendation from VCSEA for Census Based Funding Advisory Group  from January 7, 2019 (Act 173 Advisory Group)",Public Input,,,,,
326,1,"State Board of Education Technical Center Regions and Supervisory Unions Map May 31, 2018",Funding,,,,,
91,14,"Act 173 Advisory Group Draft Minutes from December 7, 2020",Funding,,,,,
323,6,"State Board of Education Secretary's Proposed Plan under Act 46, Sec. 10 June 1, 2018",Advisory,,,,,
276,9,"State Board of Education APPENDIX A Voluntary Mergers – July 1, 2015 through June 30, 2018  June 5, 2018",Census Based,,,,,
1,7,Education Fund Outlook - Post Closeout for FY2018 and July Revenue Update for FY2019,Elementary,,,,,
156,10,"Census-Based Funding Advisory Group Agenda - May 6, 2019 (Act 173 Advisory Group)",Census Based,,,,,
189,12,"Census-Based Funding Advisory Group Approved Minutes from March 4, 2019 (Act 173 Advisory Group)",Funding,,,,,
346,12,,Funding,,,,,
260,12,"Report to the House and Senate Committees on Education, the House Committee on Ways and Means, and the Senate Committee on Finance",Funding,,,,,
322,9,"State Board of Education News. State Board of Education-Statement of Preparedness for Ripton School District August 12, 2022",Census Based,,,,,
201,11,"Census-Based Funding Advisory Group Recommendation from VCSEA for Census Based Funding Advisory Group  from January 7, 2019 (Act 173 Advisory Group)",Public Input,,,,,
180,8,"CBFAG - Professional Learning Sequence October 12,2018 (Act 173 Advisory Group)",High School,,,,,
127,1,"Act 173 Advisory Group Meeting: May 1, 2023.  Equalized Pupil Comparison for FY2024 with Act 127 Weights",Funding,,,,,
159,9," Act 173 Section B Forms FY 2023 September 3,2020",Census Based,,,,,
99,12,"Act 173 Advisory Group Draft Minutes from November 4, 2019",Funding,,,,,
16,13,"Public Assets Institute BLOG:  Student weighting is more complicated than it seems (Jack Hoffman on June 10, 2021)",Regulation,,,,,
143,12,"Act 173 Advisory Group UVM Presentation - Findings from Study of Pupil Weights in Vermont's Education Funding Formula  January 6, 2020",Funding,,,,,
102,10,"Act 173 Advisory Group Draft Minutes from September 16, 2019",Census Based,,,,,
111,5,"Act 173 Advisory Group February 1, 2021 Draft Rule 2200 as Approved by the Act 173 Advisory Group",Research,,,,,
242,7,"Mainstream Block Grant and Match Spent on Support and Remedial Services Sept 6,2018",Elementary,,,,,
182,3,"Census-Based Funding Advisory Group  Memo from Tom Lovett, Twila Perry, Mark Tashjian and Bill Bugg to the Census Based Advisory Group  from January 7, 2019 (Act 173 Advisory Group)",Legistlative,,,,,
170,11,AnLar...Supports VT Special Education Advisory Council (https://anlar.com/portfolio/vermont-special-education-advisory-council/),Public Input,,,,,
152,8,"Act 173 Advisory Group. DRAFT: Using AOE Tools and Resources to Support Local-level Resources to Act 173 February 7, 2022",High School,,,,,
4,4,Preliminary Education Fund Outlook (September 2012),K-12,,,,,
248,8,Member of Census-Based Funding Advisory Group::  The Executive Director of the Vermont Council of Special Education Administrators or designee,High School,,,,,
242,10,"Mainstream Block Grant and Match Spent on Support and Remedial Services Sept 6,2018",Census Based,,,,,
319,13,"State Board of Education News State Board of Education Member List July 26, 2022",Regulation,,,,,
308,2,"State Board of Education Memo.  State Board of Education-Statement of Preparedness for Ripton School District  August 12, 2022",Census Based,,,,,
320,11,"State Board of Education News State Board of Education-Ripton Status Report Committee - Final Draft Statement of Preparedness for Ripton School District  August 11, 2022",Public Input,,,,,
70,7,"Act 173 Advisory Group Disability Law Project Proposed Revisions #2 to Rule 1300 December 11, 2019",Elementary,,,,,
88,3,"Act 173 Advisory Group Draft Meeting: September 12, 2022 Memo from Secretary French: Review of Flexibility in Technical Guidance",Legistlative,,,,,
293,4,State Board of Education Meetings for 2023 - 2024,K-12,,,,,
346,8,,High School,,,,,
213,5,"Date: Dec. 12, 1998  From: The Economist(Vol. 349, Issue 8098)",Research,,,,,
57,12,"Act 173 Advisory Group Approved Meeting Minutes - May 4th, 2020",Funding,,,,,
130,6,"Act 173 Advisory Group Meeting: September 12, 2022  Responses to public comments on the Draft Technical Manual For Use and Accounting of IDEA Part B Entitlement Grants and Draft Technical Manual for Documenting Maintenance of Effort",Advisory,,,,,
93,2,"Act 173 Advisory Group Draft Minutes from January 4, 2021",Census Based,,,,,
263,3,Just Saying No: Vermont Education Secretary Defies Lawmakers,Legistlative,,,,,
161,7,The Rise And Fall Of Vermont's One-Room Schoolhouses (podcast),Elementary,,,,,
173,3,Article:  The Citizen (Phil Scott),Legistlative,,,,,
95,10,"Act 173 Advisory Group Draft Minutes from July 24, 2019",Census Based,,,,,
150,3,"Act 173 Advisory Group-Suggested Edits to Rule Series 2200-01-032-22. January 3, 2022",Legistlative,,,,,
309,11,"State Board of Education Memo. Adopted Rule 2200, Independent School Program Approval, Selected Rules Effective May 10, 2022. April 28, 2022",Public Input,,,,,
181,13,"CBFAG - Rulemaking Sub-Committee October 12,2018 (Act 173 Advisory Group)",Regulation,,,,,
16,1,"Public Assets Institute BLOG:  Student weighting is more complicated than it seems (Jack Hoffman on June 10, 2021)",Funding,,,,,
20,1,,Funding,,,,,
306,10,"State Board of Education Memo Statement on Equity and Racism by the Vermont State Board of Education  June 17, 2020",Census Based,,,,,
281,9,"State Board of Education Articles of Agreement: Franklin Northwest UUSD November 30, 2018 ",Census Based,,,,,
25,3,Act 173 Advisory Group Act 173 Draft Meeting Minutes - 03-03-22,Legistlative,,,,,
284,3,"State Board of Education Articles of Agreement: Windham Northeast UESD November 30, 2018 (Act 46)",Legistlative,,,,,
64,11,"Act 173 Advisory Group Approved Minutes: December 5, 2022",Public Input,,,,,
247,11,Member of Census-Based Funding Advisory Group: The Executive Director of the Vermont-National Education Association or designee;,Public Input,,,,,
164,1,"Act 173 of 2018 - Overview (Oct 12,2018)",Funding,,,,,
276,4,"State Board of Education APPENDIX A Voluntary Mergers – July 1, 2015 through June 30, 2018  June 5, 2018",K-12,,,,,
136,9,Act 173 Advisory Group Rule Series 2229 Enrollment Provisions.  03-03-22,Census Based,,,,,
180,7,"CBFAG - Professional Learning Sequence October 12,2018 (Act 173 Advisory Group)",Elementary,,,,,
259,3,"Report of the Census-Based Funding Advisory Group - January 8, 2021",Legistlative,,,,,
38,9,"Act 173 Advisory Group Agenda - February 7, 2022",Census Based,,,,,
327,11,"State Board of Education The Secretary's Proposed Plan Under Act 46, Sec. 10 June 1, 2018",Public Input,,,,,
117,7,"Act 173 Advisory Group Meeting Agenda: December 5, 2022",Elementary,,,,,
52,9,"Act 173 Advisory Group AHS Updates for Act 173 Advisory Workgroup November 4, 2019",Census Based,,,,,
333,10,SWIFT proposals/experiment (2-1-2016),Census Based,,,,,
150,4,"Act 173 Advisory Group-Suggested Edits to Rule Series 2200-01-032-22. January 3, 2022",K-12,,,,,
16,7,"Public Assets Institute BLOG:  Student weighting is more complicated than it seems (Jack Hoffman on June 10, 2021)",Elementary,,,,,
10,12,"Public Assets Institute BLOG:  A big opportunity to improve school funding (Jack Hoffman on February 24, 2022)",Funding,,,,,
211,5,Consensus Based Funding Models:  Baker and Ramsey (2010),Research,,,,,
215,2,EdPolicy: VT Tuitioning Program,Census Based,,,,,
298,8,"State Board of Education Memo State Board of Education Memo to the House and Senate Education Committees on Civics and Ethnic Studies March 21, 2018",High School,,,,,
162,14,One member selected by the Vermont Legal Aid Disability Law Project;,Funding,,,,,
61,13,"Act 173 Advisory Group Approved Minutes October 4, 2021",Regulation,,,,,
317,13,"State Board of Education News State Board of Education - Rule 2200 Public Comments April 4, 2022",Regulation,,,,,
64,13,"Act 173 Advisory Group Approved Minutes: December 5, 2022",Regulation,,,,,
265,3,"Special Education Expenditure Report for FY-2022 September 13,2021",Legistlative,,,,,
152,13,"Act 173 Advisory Group. DRAFT: Using AOE Tools and Resources to Support Local-level Resources to Act 173 February 7, 2022",Regulation,,,,,
327,2,"State Board of Education The Secretary's Proposed Plan Under Act 46, Sec. 10 June 1, 2018",Census Based,,,,,
38,10,"Act 173 Advisory Group Agenda - February 7, 2022",Census Based,,,,,
163,7,2023 VT 15 No. 22-AP-059,Elementary,,,,,
99,7,"Act 173 Advisory Group Draft Minutes from November 4, 2019",Elementary,,,,,
194,7,"Census-Based Funding Advisory Group Draft Minutes from February 4, 2019 (Act 173 Advisory Group)",Elementary,,,,,
4,10,Preliminary Education Fund Outlook (September 2012),Census Based,,,,,
204,8,"Census-Based Funding Advisory Group Rulemaking Subcommittee Meeting Final Agenda December 3, 2018 (Act 173 Advisory Group)",High School,,,,,
51,11,"Act 173 Advisory Group Agenda: January 9, 2023",Public Input,,,,,
65,11,"Act 173 Advisory Group Approved Special Meeting Minutes - December 11, 2019",Public Input,,,,,
154,14,"Act 173 Advisory Group. Local Comprehensive Assessment Systems - Act 173 Technical Guidance February 3, 2020",Funding,,,,,
146,1,"Act 173 Advisory Group VSA-VPA Act 173 Professional Development Report January 6, 2020",Funding,,,,,
269,10,"State Board of Education  Articles of Agreement: Orleans Central UESDNovember 30, 2018 (Act 46)",Census Based,,,,,
186,11,"Census-Based Funding Advisory Group Approved Minutes from April 1, 2019 (Act 173 Advisory Group)",Public Input,,,,,
232,12,History of Education in Vermont By George Gary Bush,Funding,,,,,
75,1,Act 173 Advisory Group Draft Meeting Minutes-12-6-21,Funding,,,,,
62,4,"Act 173 Advisory Group Approved Minutes October 7, 2019",K-12,,,,,
300,7,"State Board of Education Memo Interagency Committee on Administrative Rules Meeting Minutes: July 12, 2021  April 4, 2022",Elementary,,,,,
161,3,The Rise And Fall Of Vermont's One-Room Schoolhouses (podcast),Legistlative,,,,,
109,12,"Act 173 Advisory Group Draft Special Minutes from January 6, 2020",Funding,,,,,
96,8,"Act 173 Advisory Group Draft Minutes from June 7, 2021",High School,,,,,
345,13,Three lawsuits that will change Vermont education,Regulation,,,,,
360,2,Weekly Legislative Report,Census Based,,,,,
167,4,"Act 173 Technical Assicatance and Professional Learning Presentation April 1, 2019 (Act 173 Advisory Group)",K-12,,,,,
62,1,"Act 173 Advisory Group Approved Minutes October 7, 2019",Funding,,,,,
44,5,"Act 173 Advisory Group Agenda - March 1, 2021",Research,,,,,
307,14,"State Board of Education Memo. State Board of Education-Ripton Status Report Committee - Final Draft Statement of Preparedness for Ripton School District August 11, 2022",Funding,,,,,
199,14,"Census-Based Funding Advisory Group IDEA Fiscal - Part II PowerPoint February 4, 2019 (Act 173 Advisory Group)",Funding,,,,,
24,14,Act 173 Advisory Group  2200 Series Rulemaking Required for Approved Independent Schools by Act 173 of 2018,Funding,,,,,
75,11,Act 173 Advisory Group Draft Meeting Minutes-12-6-21,Public Input,,,,,
291,6,"State Board of Education List of Topics Provided to Superintendents to Prepare for Section 10 Conversations May 31, 2018",Advisory,,,,,
109,12,"Act 173 Advisory Group Draft Special Minutes from January 6, 2020",Funding,,,,,
260,2,"Report to the House and Senate Committees on Education, the House Committee on Ways and Means, and the Senate Committee on Finance",Census Based,,,,,
160,6,"State Board of Education Articles of Agreement: Oxbow UUSD November 30, 2018 (Act 46)",Advisory,,,,,
339,10,,Census Based,,,,,
41,1,"Act 173 Advisory Group Agenda - July 13, 2020",Funding,,,,,
153,11,"Act 173 Advisory Group. AOE Act 173 Update. October 4, 2021",Public Input,,,,,
64,14,"Act 173 Advisory Group Approved Minutes: December 5, 2022",Funding,,,,,
280,3,"State Board of Education Articles of Agreement: Enosburgh-Richford UUSD November 30, 2018 (Act 46)",Legistlative,,,,,
244,10,Making schools equal: Vermont shows it ain't easy.,Census Based,,,,,
118,11,"Act 173 Advisory Group Meeting Agenda: February 6, 2023",Public Input,,,,,
56,10,"Act 173 Advisory Group Approved Meeting Minutes - July 13, 2020",Census Based,,,,,
351,8,Vermont Secretary of State: Preserved documents,High School,,,,,
198,5,"Census-Based Funding Advisory Group Draft Minutes from September 14, 2018 (Act 173 Advisory Group)",Research,,,,,
349,7,,Elementary,,,,,
212,9,Considerations for Establishing Categorical Aid Programs to Adjust for Cost Differentials Among Districts & Schools,Census Based,,,,,
122,4,"Act 173 Advisory Group Meeting: December 5, 2022.  Memo from Secretary French: Review of Flexibility in Technical Guidance",K-12,,,,,
87,7,"Act 173 Advisory Group Draft Meeting Minutes: September 12, 2022",Elementary,,,,,
342,3,Vermont Annual State Application Under Part B of the Individuals with Disabilities Education Act as Amended in 2004 for Federal Fiscal Year 2019,Legistlative,,,,,
196,14,"Census-Based Funding Advisory Group Draft Minutes from March 4, 2019 (Act 173 Advisory Group)",Funding,,,,,
84,4,"Act 173 Advisory Group Draft Meeting Minutes: October 3, 2022",K-12,,,,,
274,13,"State Board of Education Act 46: Modified Unified Union School Districts and their Non-Member Elementary Districts June 26, 2018",Regulation,,,,,
176,12,Bennington Banner:  Legislative update: Preserving Vermont's unique education landscape (By Rep. Seth Bongartz),Funding,,,,,
93,4,"Act 173 Advisory Group Draft Minutes from January 4, 2021",K-12,,,,,
220,9,Education in Vermont (Wikipedia),Census Based,,,,,
148,13,"Act 173 Advisory Group-Draft Meeting Minutes February 7, 2022",Regulation,,,,,
131,13,"Act 173 Advisory Group Meeting: September 12, 2022.  Act 173 Advisory Group Workplan",Regulation,,,,,
196,13,"Census-Based Funding Advisory Group Draft Minutes from March 4, 2019 (Act 173 Advisory Group)",Regulation,,,,,
27,7,"Act 173 Advisory Group  VLA-DLP Letter to Roy and French - Adoption of MTSS Rule January 6, 2020",Elementary,,,,,
174,11,"Article/Pod Cast:  VOX (Nov 26, 2018)",Public Input,,,,,
136,3,Act 173 Advisory Group Rule Series 2229 Enrollment Provisions.  03-03-22,Legistlative,,,,,
292,8,State Board of Education Meetings for 2022 - 2023,High School,,,,,
131,14,"Act 173 Advisory Group Meeting: September 12, 2022.  Act 173 Advisory Group Workplan",Funding,,,,,
119,2,"Act 173 Advisory Group Meeting Agenda: September 12, 2022",Census Based,,,,,
81,11,"Act 173 Advisory Group Draft Meeting Minutes: June 6, 2022",Public Input,,,,,
88,2,"Act 173 Advisory Group Draft Meeting: September 12, 2022 Memo from Secretary French: Review of Flexibility in Technical Guidance",Census Based,,,,,
145,8,"Act 173 Advisory Group VISA Draft 2360-Series Rule Changes February 3, 2020",High School,,,,,
275,5,"State Board of Education Act 46: State Board of Education's Final Report of Decisions and Order November 30, 2018
",Research,,,,,
335,4,The Commissioner of the Vermont Department of Mental Health or designee;,K-12,,,,,
80,10,"Act 173 Advisory Group Draft Meeting Minutes: January 3, 2022",Census Based,,,,,
78,1,"Act 173 Advisory Group Draft Meeting Minutes: February 6, 2023",Funding,,,,,
261,4,Response to Questions Posed by the Task Force on Pupil Weighting,K-12,,,,,
197,2,"Census-Based Funding Advisory Group Draft Minutes from May 6, 2019 (Act 173 Advisory Group)",Census Based,,,,,
113,8,"Act 173 Advisory Group Meeting Agenda - March 7, 2022",High School,,,,,
125,7,"Act 173 Advisory Group Meeting: May 1, 2023.  Act 173 Advisory Group Agenda: May 1, 2023",Elementary,,,,,
340,9,US Senate Committee: HELP,Census Based,,,,,
38,8,"Act 173 Advisory Group Agenda - February 7, 2022",High School,,,,,
96,13,"Act 173 Advisory Group Draft Minutes from June 7, 2021",Regulation,,,,,
116,14,"Act 173 Advisory Group Meeting Agenda: December 5, 2022",Funding,,,,,
261,8,Response to Questions Posed by the Task Force on Pupil Weighting,High School,,,,,
333,13,SWIFT proposals/experiment (2-1-2016),Regulation,,,,,
307,5,"State Board of Education Memo. State Board of Education-Ripton Status Report Committee - Final Draft Statement of Preparedness for Ripton School District August 11, 2022",Research,,,,,
51,13,"Act 173 Advisory Group Agenda: January 9, 2023",Regulation,,,,,
333,8,SWIFT proposals/experiment (2-1-2016),High School,,,,,
206,13,"Census-Based Funding Advisory Group Summary of Agency of Education's Proposed Changes to Act 173  January 7, 2019 (Act 173 Advisory Group)",Regulation,,,,,
256,10,Vermont To Reimburse Families For Tuition To Private Religious Schools,Census Based,,,,,
71,13,"Act 173 Advisory Group Draft - Special Education Allowable Costs Manual October 7, 2019",Regulation,,,,,
28,7,"Act 173 Advisory Group Act 173 - Disability Law Project Proposed Revisions #1 to Rule 1300 October 7, 2019",Elementary,,,,,
311,9,"State Board of Education Memo. Public Comment: Rep. Avram Patt  July 12, 2022",Census Based,,,,,
123,8,"Act 173 Advisory Group Meeting: March 13, 2023.  Act 173 Advisory Group Agenda: March 13, 2023",High School,,,,,
146,11,"Act 173 Advisory Group VSA-VPA Act 173 Professional Development Report January 6, 2020",Public Input,,,,,
271,1,"State Board of Education  Memo: Act 46 Schedule and Process  May 31, 2018",Funding,,,,,
353,10,"Vermont State Board of Education Adopts Updated Technology Standards for Students November 27, 2017",Census Based,,,,,
273,9,"State Board of Education Act 46 State Board of Education Final Order Map November 30, 2018",Census Based,,,,,
213,6,"Date: Dec. 12, 1998  From: The Economist(Vol. 349, Issue 8098)",Advisory,,,,,
152,12,"Act 173 Advisory Group. DRAFT: Using AOE Tools and Resources to Support Local-level Resources to Act 173 February 7, 2022",Funding,,,,,
327,9,"State Board of Education The Secretary's Proposed Plan Under Act 46, Sec. 10 June 1, 2018",Census Based,,,,,
261,6,Response to Questions Posed by the Task Force on Pupil Weighting,Advisory,,,,,
115,1,"Act 173 Advisory Group Meeting Agenda: April 4, 2022",Funding,,,,,
270,4,"State Board of Education Articles of Agreement: Orleans Southwest UESD November 30, 2018 (Act 46)",K-12,,,,,
323,4,"State Board of Education Secretary's Proposed Plan under Act 46, Sec. 10 June 1, 2018",K-12,,,,,
95,11,"Act 173 Advisory Group Draft Minutes from July 24, 2019",Public Input,,,,,
154,12,"Act 173 Advisory Group. Local Comprehensive Assessment Systems - Act 173 Technical Guidance February 3, 2020",Funding,,,,,
152,10,"Act 173 Advisory Group. DRAFT: Using AOE Tools and Resources to Support Local-level Resources to Act 173 February 7, 2022",Census Based,,,,,
169,1,"Alliance Defending Freedom:  Families sue Vermont for religious discrimination (Jan 30, 2019)",Funding,,,,,
248,9,Member of Census-Based Funding Advisory Group::  The Executive Director of the Vermont Council of Special Education Administrators or designee,Census Based,,,,,
171,7,"Annual Report of the Vermont Board of Education, with the Report of the ...",Elementary,,,,,
278,13,"State Board of Education Appendix G: Common Data Points for Each District Submitting a Section 9 Proposal  June 1, 2018",Regulation,,,,,
316,6,"State Board of Education News  SBE Rule 2200 - Final Filing Clean Copy  April 4, 2022",Advisory,,,,,
192,10,"Census-Based Funding Advisory Group Draft Minutes from April 1, 2019 (Act 173 Advisory Group)",Census Based,,,,,
98,4,"Act 173 Advisory Group Draft Minutes from May 4, 2020",K-12,,,,,
11,9,Public Assets Institute BLOG:  American Rescue Plan brings $200 million to Vermont towns and villages (10/15/2021),Census Based,,,,,
209,10,City of Winooski:  Supporting Adjusted Student Weights in Vermont’s Education Funding,Census Based,,,,,
271,12,"State Board of Education  Memo: Act 46 Schedule and Process  May 31, 2018",Funding,,,,,
120,9,"Act 173 Advisory Group Meeting Minutes: April 4, 2022",Census Based,,,,,
102,12,"Act 173 Advisory Group Draft Minutes from September 16, 2019",Funding,,,,,
165,10,"Act 173 Rulemaking (Oct 12,2018)",Census Based,,,,,
295,9,"State Board of Education Memo  Determining Small School Grants Eligibilty  June 29, 2018",Census Based,,,,,
318,13,"State Board of Education News  State Board of Education Member List July 27, 2022",Regulation,,,,,
77,11,"Act 173 Advisory Group Draft Meeting Minutes: December 5, 2022",Public Input,,,,,
337,6,The Putney School,Advisory,,,,,
277,13,"State Board of Education Appendix F: Snapshots of Each Section 9 Proposal and Sec. 10 Conversation  June 1, 2018",Regulation,,,,,
209,2,City of Winooski:  Supporting Adjusted Student Weights in Vermont’s Education Funding,Census Based,,,,,
127,2,"Act 173 Advisory Group Meeting: May 1, 2023.  Equalized Pupil Comparison for FY2024 with Act 127 Weights",Census Based,,,,,
69,3,"Act 173 Advisory Group December Meeting.  December 6, 2021",Legistlative,,,,,
297,1,"State Board of Education Memo  School Districts that Submitted Section 9 Proposals; Regional Meetings July 3, 2018",Funding,,,,,
254,2,"From the Foundation Plan, to Brigham, to Act 60, to Weightings",Census Based,,,,,
264,1,South Burlington:  School Board,Funding,,,,,
342,12,Vermont Annual State Application Under Part B of the Individuals with Disabilities Education Act as Amended in 2004 for Federal Fiscal Year 2019,Funding,,,,,
300,10,"State Board of Education Memo Interagency Committee on Administrative Rules Meeting Minutes: July 12, 2021  April 4, 2022",Census Based,,,,,
296,4,"State Board of Education Memo Memorandum - State Board of Education Determining Eligibility for Small Schools Grants June 29, 2018",K-12,,,,,
281,14,"State Board of Education Articles of Agreement: Franklin Northwest UUSD November 30, 2018 ",Funding,,,,,
349,13,,Regulation,,,,,
300,7,"State Board of Education Memo Interagency Committee on Administrative Rules Meeting Minutes: July 12, 2021  April 4, 2022",Elementary,,,,,
166,3,"Act 173 Section D Forms FY 2022 September 3,2020",Legistlative,,,,,
356,13,"VT Department of Taxes (The Education Fund and Education Finance Oct. 27, 2020)",Regulation,,,,,
266,6,Special Education Funding Formula Projections,Advisory,,,,,
294,1,"State Board of Education Memo  Act 46 Schedule Memo April 4, 2018",Funding,,,,,
135,12,"Act 173 Advisory Group Rule Series 1300 - Side by Side February 3, 2020",Funding,,,,,
318,10,"State Board of Education News  State Board of Education Member List July 27, 2022",Census Based,,,,,
58,5,"Act 173 Advisory Group Approved Meeting Minutes - November 4, 2019",Research,,,,,
88,5,"Act 173 Advisory Group Draft Meeting: September 12, 2022 Memo from Secretary French: Review of Flexibility in Technical Guidance",Research,,,,,
63,11,"Act 173 Advisory Group Approved Minutes September 16, 2019",Public Input,,,,,
355,1,Vermont's tradition of education and the Vermont constitution (Gale Academic Onfile).  Author: Seth M. Zoracki  Date: Spring 2006,Funding,,,,,
65,7,"Act 173 Advisory Group Approved Special Meeting Minutes - December 11, 2019",Elementary,,,,,
337,7,The Putney School,Elementary,,,,,
66,10,"Act 173 Advisory Group Census-Based Funding Advisory Group Draft Report-Outline of Report to the Legislature January 6, 2020",Census Based,,,,,
269,7,"State Board of Education  Articles of Agreement: Orleans Central UESDNovember 30, 2018 (Act 46)",Elementary,,,,,
182,12,"Census-Based Funding Advisory Group  Memo from Tom Lovett, Twila Perry, Mark Tashjian and Bill Bugg to the Census Based Advisory Group  from January 7, 2019 (Act 173 Advisory Group)",Funding,,,,,
230,6,Generic Bibliography:  Vermont,Advisory,,,,,
83,7,"Act 173 Advisory Group Draft Meeting Minutes: May 2, 2022",Elementary,,,,,
306,1,"State Board of Education Memo Statement on Equity and Racism by the Vermont State Board of Education  June 17, 2020",Funding,,,,,
193,1,"Census-Based Funding Advisory Group Draft Minutes from December 3, 2018 (Act 173 Advisory Group)",Funding,,,,,
49,3,"Act 173 Advisory Group Agenda - October 7, 2019",Legistlative,,,,,
3,1,Preliminary Education Fund Outlook (September 2010),Funding,,,,,
334,5,Swift Schools,Research,,,,,
210,14,"Coalition for Vermont Student Equity (Feb 12, 2022)",Funding,,,,,
242,8,"Mainstream Block Grant and Match Spent on Support and Remedial Services Sept 6,2018",High School,,,,,
129,5,"Act 173 Advisory Group Meeting: September 12, 2022  Act 173 Advisory Group VTmtss Survey Report Presentation",Research,,,,,
184,5,"Census-Based Funding Advisory Group Act 173 AC VTmtss - PowerPoint March 4, 2019 (Act 173 Advisory Group)",Research,,,,,
76,10,"Act 173 Advisory Group Draft Meeting Minutes: December 5, 2022",Census Based,,,,,
67,9,"Act 173 Advisory Group December 7, 2020  Clean Copy Draft Rules Series 2200",Census Based,,,,,
169,6,"Alliance Defending Freedom:  Families sue Vermont for religious discrimination (Jan 30, 2019)",Advisory,,,,,
309,13,"State Board of Education Memo. Adopted Rule 2200, Independent School Program Approval, Selected Rules Effective May 10, 2022. April 28, 2022",Regulation,,,,,
142,7,"Act 173 Advisory Group Summary of the AOE Revisions to 2360 February 3, 2020",Elementary,,,,,
153,12,"Act 173 Advisory Group. AOE Act 173 Update. October 4, 2021",Funding,,,,,
232,7,History of Education in Vermont By George Gary Bush,Elementary,,,,,
182,10,"Census-Based Funding Advisory Group  Memo from Tom Lovett, Twila Perry, Mark Tashjian and Bill Bugg to the Census Based Advisory Group  from January 7, 2019 (Act 173 Advisory Group)",Census Based,,,,,
257,10,"Report of the Census-Based Funding Advisory Group - January 15, 2019",Census Based,,,,,
249,10,Member of Census-Based Funding Advisory Group:: The Executive Director of the Vermont Principals’ Association or designee;,Census Based,,,,,
222,6,Consolidation Push Roils Vermont Landscape,Advisory,,,,,
194,1,"Census-Based Funding Advisory Group Draft Minutes from February 4, 2019 (Act 173 Advisory Group)",Funding,,,,,
161,12,The Rise And Fall Of Vermont's One-Room Schoolhouses (podcast),Funding,,,,,
360,3,Weekly Legislative Report,Legistlative,,,,,
335,10,The Commissioner of the Vermont Department of Mental Health or designee;,Census Based,,,,,
351,5,Vermont Secretary of State: Preserved documents,Research,,,,,
305,10,"State Board of Education Memo State Board of Education Statement on Reform of the Special Education System February 21, 2018",Census Based,,,,,
193,8,"Census-Based Funding Advisory Group Draft Minutes from December 3, 2018 (Act 173 Advisory Group)",High School,,,,,
19,1,Public Assets Institute:  School finance in Vermont: Balancing equal education and fair tax burdens,Funding,,,,,
78,14,"Act 173 Advisory Group Draft Meeting Minutes: February 6, 2023",Funding,,,,,
73,11,Act 173 Advisory Group Draft Meeting Minutes-10-4-2021,Public Input,,,,,
157,3,"Census-Based Funding Advisory Group Agenda from February 4, 2019 (Act 173 Advisory Group)",Legistlative,,,,,
74,6,Act 173 Advisory Group Draft Meeting Minutes-10-4-2021,Advisory,,,,,
98,12,"Act 173 Advisory Group Draft Minutes from May 4, 2020",Funding,,,,,
245,5,Member of Census-Based Funding Advisory Group: The Executive Director of the Vermont Independent Schools Association or designee;,Research,,,,,
152,2,"Act 173 Advisory Group. DRAFT: Using AOE Tools and Resources to Support Local-level Resources to Act 173 February 7, 2022",Census Based,,,,,
306,9,"State Board of Education Memo Statement on Equity and Racism by the Vermont State Board of Education  June 17, 2020",Census Based,,,,,
44,3,"Act 173 Advisory Group Agenda - March 1, 2021",Legistlative,,,,,
346,5,,Research,,,,,
127,5,"Act 173 Advisory Group Meeting: May 1, 2023.  Equalized Pupil Comparison for FY2024 with Act 127 Weights",Research,,,,,
326,4,"State Board of Education Technical Center Regions and Supervisory Unions Map May 31, 2018",K-12,,,,,
328,9,"State Board of Education Transition Timeline FAQs January 15, 2019",Census Based,,,,,
324,10,"State Board of Education Secretary's Proposed Plan under Act 46, Section 10: Errata June 7, 2018",Census Based,,,,,
161,9,The Rise And Fall Of Vermont's One-Room Schoolhouses (podcast),Census Based,,,,,
243,8,MaIntenance of Public Schools,High School,,,,,
180,9,"CBFAG - Professional Learning Sequence October 12,2018 (Act 173 Advisory Group)",Census Based,,,,,
143,11,"Act 173 Advisory Group UVM Presentation - Findings from Study of Pupil Weights in Vermont's Education Funding Formula  January 6, 2020",Public Input,,,,,
290,14,"State Board of Education Legislative Report: Annual Report to the Governor and the General Assembly June 17, 2021",Funding,,,,,
40,1,"Act 173 Advisory Group Agenda - January 6, 2020",Funding,,,,,
198,14,"Census-Based Funding Advisory Group Draft Minutes from September 14, 2018 (Act 173 Advisory Group)",Funding,,,,,
169,5,"Alliance Defending Freedom:  Families sue Vermont for religious discrimination (Jan 30, 2019)",Research,,,,,
346,14,,Funding,,,,,
4,7,Preliminary Education Fund Outlook (September 2012),Elementary,,,,,
165,10,"Act 173 Rulemaking (Oct 12,2018)",Census Based,,,,,
160,7,"State Board of Education Articles of Agreement: Oxbow UUSD November 30, 2018 (Act 46)",Elementary,,,,,
81,7,"Act 173 Advisory Group Draft Meeting Minutes: June 6, 2022",Elementary,,,,,
69,5,"Act 173 Advisory Group December Meeting.  December 6, 2021",Research,,,,,
149,13,"Act 173 Advisory Group-Implementation Adjustment Worksheet. January 3, 2022",Regulation,,,,,
305,7,"State Board of Education Memo State Board of Education Statement on Reform of the Special Education System February 21, 2018",Elementary,,,,,
52,11,"Act 173 Advisory Group AHS Updates for Act 173 Advisory Workgroup November 4, 2019",Public Input,,,,,
106,2,"Act 173 Advisory Group Draft Report to the Legislature.  January 3, 2022",Census Based,,,,,
158,7,"Census-Based Funding Advisory Group Agenda from January 7, 2019 (Act 173 Advisory Group)",Elementary,,,,,
50,7,"Act 173 Advisory Group Agenda - September 16, 2019",Elementary,,,,,
214,9,District forums on realigning Vermont School Choice policies with U.S. and VT Constitution,Census Based,,,,,
115,14,"Act 173 Advisory Group Meeting Agenda: April 4, 2022",Funding,,,,,
109,2,"Act 173 Advisory Group Draft Special Minutes from January 6, 2020",Census Based,,,,,
23,6,SPECIAL EDUCATION PRACTICES IN VERMONT Assessing the Cost and Performance Efficacy of Current Programs,Advisory,,,,,
16,5,"Public Assets Institute BLOG:  Student weighting is more complicated than it seems (Jack Hoffman on June 10, 2021)",Research,,,,,
110,6,"Act 173 Advisory Group February 1, 2021 Act 173 Weighting Study Presentation by Tammy Kolbe",Advisory,,,,,
103,9,"Act 173 Advisory Group Draft October 5, 2020 2200 Stakeholder Draft for Act 173 AG Meeting",Census Based,,,,,
240,7,LLMC Digital,Elementary,,,,,
8,14,A Study of the Use of Paraprofessionals to Deliver Special Education Services in Vermont Schools,Funding,,,,,
306,4,"State Board of Education Memo Statement on Equity and Racism by the Vermont State Board of Education  June 17, 2020",K-12,,,,,
11,9,Public Assets Institute BLOG:  American Rescue Plan brings $200 million to Vermont towns and villages (10/15/2021),Census Based,,,,,
177,12,"BFP:  Vermont schools study new standards  (Sep 14, 2010 )",Funding,,,,,
339,5,,Research,,,,,
108,13,"Act 173 Advisory Group Draft Special Minutes from February 3, 2020",Regulation,,,,,
69,12,"Act 173 Advisory Group December Meeting.  December 6, 2021",Funding,,,,,
266,13,Special Education Funding Formula Projections,Regulation,,,,,
184,10,"Census-Based Funding Advisory Group Act 173 AC VTmtss - PowerPoint March 4, 2019 (Act 173 Advisory Group)",Census Based,,,,,
219,1,"Education Finance Studies: VERMONT LEGISLATIVE JOINT FISCAL OFFICE (Task Force on the Implementation of the Pupil Weighting Factors Report) DECEMBER 17, 2021",Funding,,,,,
13,6,"Public Assets Institute BLOG:  Cutting school funding now is a bad idea ( Stephanie Yu on May 20, 2020)",Advisory,,,,,
15,3,"Public Assets Institute BLOG:  School taxes can be simpler and fairer (Jack Hoffman on April 1, 2021)",Legistlative,,,,,
123,11,"Act 173 Advisory Group Meeting: March 13, 2023.  Act 173 Advisory Group Agenda: March 13, 2023",Public Input,,,,,
210,8,"Coalition for Vermont Student Equity (Feb 12, 2022)",High School,,,,,
24,14,Act 173 Advisory Group  2200 Series Rulemaking Required for Approved Independent Schools by Act 173 of 2018,Funding,,,,,
4,14,Preliminary Education Fund Outlook (September 2012),Funding,,,,,
198,2,"Census-Based Funding Advisory Group Draft Minutes from September 14, 2018 (Act 173 Advisory Group)",Census Based,,,,,
184,1,"Census-Based Funding Advisory Group Act 173 AC VTmtss - PowerPoint March 4, 2019 (Act 173 Advisory Group)",Funding,,,,,
153,3,"Act 173 Advisory Group. AOE Act 173 Update. October 4, 2021",Legistlative,,,,,
61,13,"Act 173 Advisory Group Approved Minutes October 4, 2021",Regulation,,,,,
19,14,Public Assets Institute:  School finance in Vermont: Balancing equal education and fair tax burdens,Funding,,,,,
187,2,"Census-Based Funding Advisory Group Approved Minutes from February 4, 2019 (Act 173 Advisory Group)",Census Based,,,,,
23,1,SPECIAL EDUCATION PRACTICES IN VERMONT Assessing the Cost and Performance Efficacy of Current Programs,Funding,,,,,
78,4,"Act 173 Advisory Group Draft Meeting Minutes: February 6, 2023",K-12,,,,,
279,9,"State Board of Education Articles of Agreement: Barre UUSD November 30, 2018 (Act 46)",Census Based,,,,,
18,9,Public Assets Institute BLOG:  Vermont’s tools for education funding equity: Weighting and categorical aid (11/11/2011),Census Based,,,,,
269,4,"State Board of Education  Articles of Agreement: Orleans Central UESDNovember 30, 2018 (Act 46)",K-12,,,,,
341,7,Center On Disability And Community Inclusion,Elementary,,,,,
347,10,Vermont education agency says districts cannot withhold public tuition money to religious schools (FOX news),Census Based,,,,,
90,5,"Act 173 Advisory Group Draft Minutes from August 3, 2020",Research,,,,,
112,13,"Act 173 Advisory Group Meeting - January 3, 2022",Regulation,,,,,
40,7,"Act 173 Advisory Group Agenda - January 6, 2020",Elementary,,,,,
330,8,"State Board of Education.  State Board of Education Member List November 9, 2022",High School,,,,,
214,7,District forums on realigning Vermont School Choice policies with U.S. and VT Constitution,Elementary,,,,,
86,5,"Act 173 Advisory Group Draft Meeting Minutes: September 12, 2022",Research,,,,,
342,14,Vermont Annual State Application Under Part B of the Individuals with Disabilities Education Act as Amended in 2004 for Federal Fiscal Year 2019,Funding,,,,,
199,4,"Census-Based Funding Advisory Group IDEA Fiscal - Part II PowerPoint February 4, 2019 (Act 173 Advisory Group)",K-12,,,,,
208,11,Cite as: 16 V.S.A. § 1,Public Input,,,,,
33,10,"Act 173 Advisory Group Agenda - April 5, 2021",Census Based,,,,,
205,2,"Census-Based Funding Advisory Group Special Education Allowable Costs DRAFT February 4, 2019 (Act 173 Advisory Group)",Census Based,,,,,
244,7,Making schools equal: Vermont shows it ain't easy.,Elementary,,,,,
185,13,"Census-Based Funding Advisory Group Agency of Education Update to the Census Based Funding Advisory Group from January 7, 2019 (Act 173 Advisory Group)",Regulation,,,,,
126,6,"Act 173 Advisory Group Meeting: May 1, 2023.  Act 173 Advisory Group Draft Meeting Minutes: March 13, 2023",Advisory,,,,,
337,12,The Putney School,Funding,,,,,
127,6,"Act 173 Advisory Group Meeting: May 1, 2023.  Equalized Pupil Comparison for FY2024 with Act 127 Weights",Advisory,,,,,
265,10,"Special Education Expenditure Report for FY-2022 September 13,2021",Census Based,,,,,
11,12,Public Assets Institute BLOG:  American Rescue Plan brings $200 million to Vermont towns and villages (10/15/2021),Funding,,,,,
111,4,"Act 173 Advisory Group February 1, 2021 Draft Rule 2200 as Approved by the Act 173 Advisory Group",K-12,,,,,
131,12,"Act 173 Advisory Group Meeting: September 12, 2022.  Act 173 Advisory Group Workplan",Funding,,,,,
231,4,History of Barre Education,K-12,,,,,
269,9,"State Board of Education  Articles of Agreement: Orleans Central UESDNovember 30, 2018 (Act 46)",Census Based,,,,,
126,2,"Act 173 Advisory Group Meeting: May 1, 2023.  Act 173 Advisory Group Draft Meeting Minutes: March 13, 2023",Census Based,,,,,
278,2,"State Board of Education Appendix G: Common Data Points for Each District Submitting a Section 9 Proposal  June 1, 2018",Census Based,,,,,
34,10,"Act 173 Advisory Group Agenda - August 3, 2020",Census Based,,,,,
361,2,Rules for Special Education Finance and Census-Based Funding,Census Based,,,,,
41,11,"Act 173 Advisory Group Agenda - July 13, 2020",Public Input,,,,,
117,9,"Act 173 Advisory Group Meeting Agenda: December 5, 2022",Census Based,,,,,
188,9,"Census-Based Funding Advisory Group Approved Minutes from January 7, 2019 (Act 173 Advisory Group)",Census Based,,,,,
51,14,"Act 173 Advisory Group Agenda: January 9, 2023",Funding,,,,,
85,11,"Act 173 Advisory Group Draft Meeting Minutes: October 3, 2022",Public Input,,,,,
350,3,Vermont House fails to solve constitutional religious school conflict (Podcast),Legistlative,,,,,
1,5,Education Fund Outlook - Post Closeout for FY2018 and July Revenue Update for FY2019,Research,,,,,
296,3,"State Board of Education Memo Memorandum - State Board of Education Determining Eligibility for Small Schools Grants June 29, 2018",Legistlative,,,,,
200,1,"Census-Based Funding Advisory Group Professional Learning Sequence Subcommittee Meeting Final Agenda December 3, 2018 (Act 173 Advisory Group)",Funding,,,,,
200,12,"Census-Based Funding Advisory Group Professional Learning Sequence Subcommittee Meeting Final Agenda December 3, 2018 (Act 173 Advisory Group)",Funding,,,,,
151,3,"Act 173 Advisory Group. Agenda. October 4, 2021",Legistlative,,,,,
249,4,Member of Census-Based Funding Advisory Group:: The Executive Director of the Vermont Principals’ Association or designee;,K-12,,,,,
42,1,"Act 173 Advisory Group Agenda - July 24, 2019",Funding,,,,,
305,14,"State Board of Education Memo State Board of Education Statement on Reform of the Special Education System February 21, 2018",Funding,,,,,
78,12,"Act 173 Advisory Group Draft Meeting Minutes: February 6, 2023",Funding,,,,,
361,5,Rules for Special Education Finance and Census-Based Funding,Research,,,,,
190,1,"Census-Based Funding Advisory Group Approved Minutes from September 9, 2018 (Act 173 Advisory Group)",Funding,,,,,
15,11,"Public Assets Institute BLOG:  School taxes can be simpler and fairer (Jack Hoffman on April 1, 2021)",Public Input,,,,,
59,5,"Act 173 Advisory Group Approved Minutes July 24, 2019",Research,,,,,
251,4,One member selected by the Vermont Association of School Business Officials;,K-12,,,,,
301,1,"State Board of Education Memo Rule 2200 Final Annotated Filing April 4, 2022",Funding,,,,,
80,3,"Act 173 Advisory Group Draft Meeting Minutes: January 3, 2022",Legistlative,,,,,
262,12,Supreme Court ruling could impact school choice in Vermont,Funding,,,,,
8,4,A Study of the Use of Paraprofessionals to Deliver Special Education Services in Vermont Schools,K-12,,,,,
66,14,"Act 173 Advisory Group Census-Based Funding Advisory Group Draft Report-Outline of Report to the Legislature January 6, 2020",Funding,,,,,
255,4,Reference request for UVM Report (2-3-2016),K-12,,,,,
69,11,"Act 173 Advisory Group December Meeting.  December 6, 2021",Public Input,,,,,
329,5,"State Board of Education Vermont's Strategic Vision for Education February 21, 2018",Research,,,,,
175,9,"Baptist News Network:  Federal appeals court rules Vermont cannot exclude religious education from private school tuition program  (BNG STAFF  |  JUNE 10, 2021)",Census Based,,,,,
274,8,"State Board of Education Act 46: Modified Unified Union School Districts and their Non-Member Elementary Districts June 26, 2018",High School,,,,,
340,3,US Senate Committee: HELP,Legistlative,,,,,
355,11,Vermont's tradition of education and the Vermont constitution (Gale Academic Onfile).  Author: Seth M. Zoracki  Date: Spring 2006,Public Input,,,,,
2,5,Preliminary Education Fund Outlook,Research,,,,,
345,8,Three lawsuits that will change Vermont education,High School,,,,,
147,8,"Act 173 Advisory Group Work Plan: Updated February 6, 2023",High School,,,,,
277,11,"State Board of Education Appendix F: Snapshots of Each Section 9 Proposal and Sec. 10 Conversation  June 1, 2018",Public Input,,,,,
333,10,SWIFT proposals/experiment (2-1-2016),Census Based,,,,,
99,10,"Act 173 Advisory Group Draft Minutes from November 4, 2019",Census Based,,,,,
159,6," Act 173 Section B Forms FY 2023 September 3,2020",Advisory,,,,,
196,8,"Census-Based Funding Advisory Group Draft Minutes from March 4, 2019 (Act 173 Advisory Group)",High School,,,,,
38,10,"Act 173 Advisory Group Agenda - February 7, 2022",Census Based,,,,,
90,5,"Act 173 Advisory Group Draft Minutes from August 3, 2020",Research,,,,,
260,2,"Report to the House and Senate Committees on Education, the House Committee on Ways and Means, and the Senate Committee on Finance",Census Based,,,,,
57,9,"Act 173 Advisory Group Approved Meeting Minutes - May 4th, 2020",Census Based,,,,,
161,9,The Rise And Fall Of Vermont's One-Room Schoolhouses (podcast),Census Based,,,,,
162,7,One member selected by the Vermont Legal Aid Disability Law Project;,Elementary,,,,,
298,4,"State Board of Education Memo State Board of Education Memo to the House and Senate Education Committees on Civics and Ethnic Studies March 21, 2018",K-12,,,,,
197,5,"Census-Based Funding Advisory Group Draft Minutes from May 6, 2019 (Act 173 Advisory Group)",Research,,,,,
25,3,Act 173 Advisory Group Act 173 Draft Meeting Minutes - 03-03-22,Legistlative,,,,,
90,5,"Act 173 Advisory Group Draft Minutes from August 3, 2020",Research,,,,,
136,13,Act 173 Advisory Group Rule Series 2229 Enrollment Provisions.  03-03-22,Regulation,,,,,
259,7,"Report of the Census-Based Funding Advisory Group - January 8, 2021",Elementary,,,,,
235,10,IDEA 101 Subgrantee Programmatic Consideration June 2020 (YouTube),Census Based,,,,,
33,11,"Act 173 Advisory Group Agenda - April 5, 2021",Public Input,,,,,
134,9,Act 173 Advisory Group Rule 2229 Proposed Changes from Education Partners,Census Based,,,,,
267,11,Bill proposes mandatory civics education in Vermont schools,Public Input,,,,,
307,9,"State Board of Education Memo. State Board of Education-Ripton Status Report Committee - Final Draft Statement of Preparedness for Ripton School District August 11, 2022",Census Based,,,,,
121,13,"Act 173 Advisory Group Meeting: Agenda October 3, 2022",Regulation,,,,,
165,5,"Act 173 Rulemaking (Oct 12,2018)",Research,,,,,
250,10,Member of the Census-Based Funding Advisory Group:  The Executive Director of the Vermont Superintendents Association or designee;,Census Based,,,,,
211,14,Consensus Based Funding Models:  Baker and Ramsey (2010),Funding,,,,,
168,3,Agency of Education:  Act 173 Advisory Group,Legistlative,,,,,
181,6,"CBFAG - Rulemaking Sub-Committee October 12,2018 (Act 173 Advisory Group)",Advisory,,,,,
148,1,"Act 173 Advisory Group-Draft Meeting Minutes February 7, 2022",Funding,,,,,
192,8,"Census-Based Funding Advisory Group Draft Minutes from April 1, 2019 (Act 173 Advisory Group)",High School,,,,,
226,1,Federal Government/Dept of Education:  Office of Special Education Programs (OSEP),Funding,,,,,
41,4,"Act 173 Advisory Group Agenda - July 13, 2020",K-12,,,,,
311,2,"State Board of Education Memo. Public Comment: Rep. Avram Patt  July 12, 2022",Census Based,,,,,
231,10,History of Barre Education,Census Based,,,,,
117,6,"Act 173 Advisory Group Meeting Agenda: December 5, 2022",Advisory,,,,,
105,14,"Act 173 Advisory Group Draft Report to the General Assembly Meeting: January 9, 2023",Funding,,,,,
348,14,"Vermont Estimated IDEA Award Amount for Federal Fiscal Year 2019 (March 14, 2019)",Funding,,,,,
15,1,"Public Assets Institute BLOG:  School taxes can be simpler and fairer (Jack Hoffman on April 1, 2021)",Funding,,,,,
292,11,State Board of Education Meetings for 2022 - 2023,Public Input,,,,,
170,6,AnLar...Supports VT Special Education Advisory Council (https://anlar.com/portfolio/vermont-special-education-advisory-council/),Advisory,,,,,
27,1,"Act 173 Advisory Group  VLA-DLP Letter to Roy and French - Adoption of MTSS Rule January 6, 2020",Funding,,,,,
321,6,"State Board of Education News Vermont State Board of Education Announces Search for Secretary of Education April 16, 2018",Advisory,,,,,
247,6,Member of Census-Based Funding Advisory Group: The Executive Director of the Vermont-National Education Association or designee;,Advisory,,,,,
188,9,"Census-Based Funding Advisory Group Approved Minutes from January 7, 2019 (Act 173 Advisory Group)",Census Based,,,,,
243,2,MaIntenance of Public Schools,Census Based,,,,,
26,7,"Act 173 Advisory Group Meeting: March 13, 2023.. Act 173 Advisory Group Draft Meeting Minutes: March 13, 2023",Elementary,,,,,
137,14,"Act 173 Advisory Group Rules Series 2200 Stakeholder Draft for Act 173 November 2, 2020 Meeting",Funding,,,,,
91,4,"Act 173 Advisory Group Draft Minutes from December 7, 2020",K-12,,,,,
133,8,"Act 173 Advisory Group Revised Version 3 - Rule 1300 - Agency of Education's Proposed State Rules for Special Education Finance and Census Based Funding November 4, 2019",High School,,,,,
267,11,Bill proposes mandatory civics education in Vermont schools,Public Input,,,,,
170,2,AnLar...Supports VT Special Education Advisory Council (https://anlar.com/portfolio/vermont-special-education-advisory-council/),Census Based,,,,,
353,13,"Vermont State Board of Education Adopts Updated Technology Standards for Students November 27, 2017",Regulation,,,,,
63,4,"Act 173 Advisory Group Approved Minutes September 16, 2019",K-12,,,,,
277,13,"State Board of Education Appendix F: Snapshots of Each Section 9 Proposal and Sec. 10 Conversation  June 1, 2018",Regulation,,,,,
33,12,"Act 173 Advisory Group Agenda - April 5, 2021",Funding,,,,,
193,9,"Census-Based Funding Advisory Group Draft Minutes from December 3, 2018 (Act 173 Advisory Group)",Census Based,,,,,
272,6,"State Board of Education  Report on Act 46 of 2015 and Act 153 of 2010  January 24, 2018",Advisory,,,,,
39,10,"Act 173 Advisory Group Agenda - January 4, 2021",Census Based,,,,,
202,5,"Census-Based Funding Advisory Group Report to House and Senate Committees on Education and the State Board of Education August 4, 2022",Research,,,,,
13,13,"Public Assets Institute BLOG:  Cutting school funding now is a bad idea ( Stephanie Yu on May 20, 2020)",Regulation,,,,,
158,9,"Census-Based Funding Advisory Group Agenda from January 7, 2019 (Act 173 Advisory Group)",Census Based,,,,,
1,3,Education Fund Outlook - Post Closeout for FY2018 and July Revenue Update for FY2019,Legistlative,,,,,
263,5,Just Saying No: Vermont Education Secretary Defies Lawmakers,Research,,,,,
70,1,"Act 173 Advisory Group Disability Law Project Proposed Revisions #2 to Rule 1300 December 11, 2019",Funding,,,,,
40,10,"Act 173 Advisory Group Agenda - January 6, 2020",Census Based,,,,,
209,5,City of Winooski:  Supporting Adjusted Student Weights in Vermont’s Education Funding,Research,,,,,
310,2,"State Board of Education Memo. Public Comment: Rabbi Small July 12, 2022",Census Based,,,,,
267,6,Bill proposes mandatory civics education in Vermont schools,Advisory,,,,,
78,2,"Act 173 Advisory Group Draft Meeting Minutes: February 6, 2023",Census Based,,,,,
110,8,"Act 173 Advisory Group February 1, 2021 Act 173 Weighting Study Presentation by Tammy Kolbe",High School,,,,,
183,6,"Census-Based Funding Advisory Group - April 1, 2019 (Act 173 Advisory Group)",Advisory,,,,,
351,3,Vermont Secretary of State: Preserved documents,Legistlative,,,,,
299,10,"State Board of Education Memo State Board of Education Statement on Cost-containment in Education February 22, 2018",Census Based,,,,,
42,12,"Act 173 Advisory Group Agenda - July 24, 2019",Funding,,,,,
159,5," Act 173 Section B Forms FY 2023 September 3,2020",Research,,,,,
299,5,"State Board of Education Memo State Board of Education Statement on Cost-containment in Education February 22, 2018",Research,,,,,
116,13,"Act 173 Advisory Group Meeting Agenda: December 5, 2022",Regulation,,,,,
236,6,"Instructions for FY-22 Special Education Expenditure Report September 13,2021",Advisory,,,,,
266,8,Special Education Funding Formula Projections,High School,,,,,
75,1,Act 173 Advisory Group Draft Meeting Minutes-12-6-21,Funding,,,,,
8,11,A Study of the Use of Paraprofessionals to Deliver Special Education Services in Vermont Schools,Public Input,,,,,
141,14,"Act 173 Advisory Group Success by Six Presentation November 2, 2020 Meeting",Funding,,,,,
329,10,"State Board of Education Vermont's Strategic Vision for Education February 21, 2018",Census Based,,,,,
198,10,"Census-Based Funding Advisory Group Draft Minutes from September 14, 2018 (Act 173 Advisory Group)",Census Based,,,,,
54,12,"Act 173 Advisory Group Approved Meeting Minutes - February 3rd, 2020",Funding,,,,,
291,10,"State Board of Education List of Topics Provided to Superintendents to Prepare for Section 10 Conversations May 31, 2018",Census Based,,,,,
179,9,"CBFAG - Full Group Minutes October 12,2018 (Act 173 Advisory Group)",Census Based,,,,,
242,4,"Mainstream Block Grant and Match Spent on Support and Remedial Services Sept 6,2018",K-12,,,,,
216,10,Educating Mary Barrosse.  Author: Amity Shlaes  Date: April-May 1999  From: Policy Review,Census Based,,,,,
286,7,"State Board of Education Decision Points: Sec. 9 Proposals and Secretary's Proposed Statewide Plan September 19, 2018",Elementary,,,,,
157,8,"Census-Based Funding Advisory Group Agenda from February 4, 2019 (Act 173 Advisory Group)",High School,,,,,
46,7,"Act 173 Advisory Group Agenda - November 2, 2020",Elementary,,,,,
107,11,"Act 173 Advisory Group Draft Special Minutes from December 11, 2019",Public Input,,,,,
320,1,"State Board of Education News State Board of Education-Ripton Status Report Committee - Final Draft Statement of Preparedness for Ripton School District  August 11, 2022",Funding,,,,,
175,5,"Baptist News Network:  Federal appeals court rules Vermont cannot exclude religious education from private school tuition program  (BNG STAFF  |  JUNE 10, 2021)",Research,,,,,
5,2,Education Finance Adequacy,Census Based,,,,,
150,12,"Act 173 Advisory Group-Suggested Edits to Rule Series 2200-01-032-22. January 3, 2022",Funding,,,,,
212,13,Considerations for Establishing Categorical Aid Programs to Adjust for Cost Differentials Among Districts & Schools,Regulation,,,,,
81,4,"Act 173 Advisory Group Draft Meeting Minutes: June 6, 2022",K-12,,,,,
82,11,"Act 173 Advisory Group Draft Meeting Minutes: May 2, 2022",Public Input,,,,,
88,6,"Act 173 Advisory Group Draft Meeting: September 12, 2022 Memo from Secretary French: Review of Flexibility in Technical Guidance",Advisory,,,,,
107,4,"Act 173 Advisory Group Draft Special Minutes from December 11, 2019",K-12,,,,,
113,6,"Act 173 Advisory Group Meeting Agenda - March 7, 2022",Advisory,,,,,
299,3,"State Board of Education Memo State Board of Education Statement on Cost-containment in Education February 22, 2018",Legistlative,,,,,
116,4,"Act 173 Advisory Group Meeting Agenda: December 5, 2022",K-12,,,,,
337,12,The Putney School,Funding,,,,,